UserID,Age,Sex,Location
1,19,Female,Argentina
2,20,Female,Bulgaria
3,56,Female,Bolivia
4,32,Female,Palestinian Territory
5,32,Male,Iran
6,47,Female,Congo
7,50,Female,Malta
8,54,Female,Vanuatu
9,24,Male,Estonia
10,49,Female,Bangladesh
11,47,Female,Uzbekistan
12,22,Female,Georgia
13,41,Female,Guinea
14,21,Male,Switzerland
15,26,Female,Brunei Darussalam
16,54,Female,Isle of Man
17,43,Female,Mozambique
18,30,Male,Ireland
19,22,Male,Latvia
20,55,Male,Thailand
21,51,Male,Czech Republic
22,54,Female,Faroe Islands
23,21,Male,Holy See (Vatican City State)
24,33,Female,Czech Republic
25,50,Female,Myanmar
26,55,Male,Angola
27,47,Female,Slovakia (Slovak Republic)
28,31,Female,British Indian Ocean Territory (Chagos Archipelago)
29,58,Male,Svalbard & Jan Mayen Islands
30,41,Male,Burundi
31,44,Male,Martinique
32,52,Female,Mauritania
33,22,Male,Egypt
34,25,Female,Malta
35,26,Female,Macao
36,41,Male,Jersey
37,26,Male,China
38,45,Male,Andorra
39,57,Male,Palau
40,23,Male,Comoros
41,56,Female,Saint Vincent and the Grenadines
42,53,Female,United Arab Emirates
43,37,Male,Netherlands Antilles
44,53,Female,Syrian Arab Republic
45,44,Male,Aruba
46,32,Female,Marshall Islands
47,30,Male,Serbia
48,44,Female,Singapore
49,38,Male,American Samoa
50,36,Female,Latvia
51,41,Male,Jordan
52,26,Female,Jordan
53,40,Female,Western Sahara
54,49,Female,Bermuda
55,34,Female,Yemen
56,23,Male,Fiji
57,46,Female,Turkmenistan
58,45,Male,Singapore
59,32,Female,Fiji
60,42,Male,United States of America
61,21,Female,Vanuatu
62,29,Female,Armenia
63,22,Female,Sri Lanka
64,39,Male,Myanmar
65,52,Male,Saint Martin
66,48,Male,Sao Tome and Principe
67,32,Female,Swaziland
68,25,Female,Ukraine
69,37,Female,Guyana
70,39,Female,Wallis and Futuna
71,36,Male,Solomon Islands
72,52,Female,Heard Island and McDonald Islands
73,40,Male,Gabon
74,33,Female,Australia
75,48,Female,Niue
76,29,Female,Equatorial Guinea
77,60,Male,Saudi Arabia
78,24,Male,Monaco
79,60,Female,Montserrat
80,45,Female,Holy See (Vatican City State)
81,27,Female,Turks and Caicos Islands
82,24,Male,Namibia
83,53,Male,Holy See (Vatican City State)
84,60,Male,Kuwait
85,43,Female,Cote d'Ivoire
86,37,Female,Malaysia
87,33,Male,El Salvador
88,51,Male,Montserrat
89,45,Female,Iraq
90,44,Male,Burkina Faso
91,50,Male,Papua New Guinea
92,48,Female,Turkey
93,19,Female,Turks and Caicos Islands
94,56,Male,French Southern Territories
95,44,Male,Mali
96,46,Female,New Zealand
97,29,Male,Argentina
98,60,Male,Tanzania
99,20,Male,Aruba
100,51,Female,Saint Lucia
101,57,Female,Macao
102,28,Male,French Guiana
103,58,Female,Greenland
104,48,Female,Uzbekistan
105,21,Male,Belarus
106,40,Male,Saint Lucia
107,38,Female,Cameroon
108,31,Male,Djibouti
109,45,Female,French Southern Territories
110,51,Male,Ecuador
111,26,Male,Reunion
112,55,Female,South Georgia and the South Sandwich Islands
113,26,Male,Ireland
114,19,Female,Somalia
115,58,Female,Uganda
116,27,Male,Timor-Leste
117,58,Female,Guatemala
118,40,Female,Malawi
119,49,Male,Burkina Faso
120,34,Male,Tajikistan
121,47,Female,Thailand
122,36,Male,Lebanon
123,41,Male,Canada
124,28,Female,Egypt
125,47,Female,United States Minor Outlying Islands
126,20,Male,Papua New Guinea
127,19,Female,Cameroon
128,22,Male,Lithuania
129,31,Male,British Indian Ocean Territory (Chagos Archipelago)
130,46,Female,Yemen
131,34,Male,Belgium
132,35,Male,United Kingdom
133,55,Female,Uganda
134,42,Male,Dominican Republic
135,60,Male,Jersey
136,24,Female,Anguilla
137,41,Female,Singapore
138,22,Male,Gibraltar
139,19,Female,Benin
140,21,Male,Martinique
141,37,Female,Anguilla
142,20,Female,Monaco
143,39,Male,France
144,39,Female,Serbia
145,51,Male,Mauritania
146,31,Male,Ecuador
147,32,Female,Armenia
148,21,Male,Grenada
149,31,Female,Sri Lanka
150,49,Male,Guadeloupe
151,60,Male,Cuba
152,19,Male,Czech Republic
153,45,Female,Netherlands
154,41,Male,Congo
155,34,Female,Chile
156,50,Female,Monaco
157,18,Male,Kuwait
158,47,Female,Lao People's Democratic Republic
159,44,Male,Svalbard & Jan Mayen Islands
160,50,Male,United Kingdom
161,40,Male,Senegal
162,26,Male,North Macedonia
163,31,Female,Saint Barthelemy
164,44,Male,Cuba
165,60,Male,Argentina
166,21,Male,Samoa
167,37,Male,India
168,36,Male,Iran
169,40,Female,Bhutan
170,50,Male,Netherlands Antilles
171,43,Male,Luxembourg
172,37,Female,Andorra
173,31,Female,Anguilla
174,51,Female,Namibia
175,44,Male,Tunisia
176,57,Female,Brazil
177,50,Female,Central African Republic
178,22,Male,Serbia
179,50,Female,Rwanda
180,32,Female,Ireland
181,30,Female,Congo
182,26,Female,United States Virgin Islands
183,44,Female,Jamaica
184,33,Female,Belize
185,38,Female,Lebanon
186,46,Female,Congo
187,36,Male,Malaysia
188,31,Female,Benin
189,53,Female,Algeria
190,51,Female,Bulgaria
191,35,Female,Netherlands Antilles
192,26,Female,Burkina Faso
193,24,Male,Saint Barthelemy
194,30,Male,Israel
195,55,Female,Heard Island and McDonald Islands
196,44,Male,Finland
197,44,Male,French Guiana
198,57,Female,United States Virgin Islands
199,43,Male,Cook Islands
200,59,Female,Christmas Island
201,31,Male,Bhutan
202,22,Male,British Virgin Islands
203,28,Male,Bosnia and Herzegovina
204,43,Female,South Africa
205,34,Male,Mexico
206,37,Male,Sao Tome and Principe
207,20,Male,New Caledonia
208,30,Female,Tuvalu
209,22,Male,Tunisia
210,36,Male,Ghana
211,39,Female,Antigua and Barbuda
212,34,Male,Marshall Islands
213,40,Male,Vanuatu
214,39,Male,Central African Republic
215,53,Female,Afghanistan
216,33,Female,Czech Republic
217,32,Male,Kenya
218,27,Female,Somalia
219,47,Male,Estonia
220,54,Female,Fiji
221,40,Male,French Guiana
222,24,Female,Russian Federation
223,49,Male,Holy See (Vatican City State)
224,40,Male,New Zealand
225,34,Male,Lithuania
226,26,Female,Burkina Faso
227,34,Male,France
228,48,Male,Iraq
229,20,Female,Bouvet Island (Bouvetoya)
230,52,Female,Sao Tome and Principe
231,34,Male,Mayotte
232,46,Male,Guernsey
233,50,Male,Liberia
234,31,Female,French Polynesia
235,40,Female,Brunei Darussalam
236,43,Male,Bahrain
237,23,Female,Barbados
238,19,Male,Montenegro
239,59,Female,Gabon
240,18,Male,Andorra
241,35,Male,Somalia
242,27,Female,Mali
243,25,Male,Finland
244,53,Female,Falkland Islands (Malvinas)
245,41,Male,Cyprus
246,22,Female,Germany
247,28,Male,Angola
248,23,Female,Tajikistan
249,40,Female,Myanmar
250,36,Female,Niue
251,56,Female,Comoros
252,52,Female,South Africa
253,60,Female,Switzerland
254,48,Male,Botswana
255,23,Female,Lithuania
256,34,Male,Macao
257,58,Male,Lesotho
258,40,Male,Cocos (Keeling) Islands
259,36,Male,British Virgin Islands
260,48,Male,San Marino
261,38,Female,Panama
262,40,Male,Cameroon
263,56,Female,Canada
264,30,Male,Haiti
265,59,Female,Guinea
266,58,Male,Cameroon
267,56,Female,Mauritania
268,40,Male,Benin
269,55,Male,Tokelau
270,42,Male,Malaysia
271,31,Female,Montserrat
272,40,Male,Colombia
273,32,Female,Turkmenistan
274,58,Male,Fiji
275,46,Male,Madagascar
276,37,Male,Svalbard & Jan Mayen Islands
277,52,Female,Holy See (Vatican City State)
278,54,Female,Jersey
279,38,Male,Sierra Leone
280,26,Male,Christmas Island
281,21,Female,Botswana
282,25,Male,Burkina Faso
283,50,Female,Malaysia
284,22,Male,Micronesia
285,56,Female,Maldives
286,30,Female,Saint Lucia
287,47,Female,Mayotte
288,50,Female,Albania
289,47,Female,Togo
290,40,Female,Turkmenistan
291,37,Male,Bhutan
292,33,Female,Martinique
293,30,Female,Central African Republic
294,55,Female,Mauritius
295,48,Male,Korea
296,46,Male,United Kingdom
297,60,Male,Spain
298,57,Male,Rwanda
299,52,Male,Kyrgyz Republic
300,37,Male,Libyan Arab Jamahiriya
301,27,Female,Somalia
302,33,Male,Nigeria
303,60,Female,San Marino
304,45,Female,Bosnia and Herzegovina
305,48,Male,Svalbard & Jan Mayen Islands
306,34,Female,Chad
307,36,Female,Gibraltar
308,53,Male,Germany
309,49,Male,Tokelau
310,37,Female,Yemen
311,21,Female,Zimbabwe
312,49,Male,Mauritania
313,48,Male,Greece
314,25,Female,Greenland
315,30,Male,Taiwan
316,39,Male,Tajikistan
317,43,Male,Samoa
318,53,Male,Turks and Caicos Islands
319,47,Female,Central African Republic
320,47,Female,Antigua and Barbuda
321,52,Male,Afghanistan
322,46,Male,Armenia
323,47,Male,Central African Republic
324,28,Female,Syrian Arab Republic
325,49,Female,Turks and Caicos Islands
326,20,Female,Marshall Islands
327,40,Female,South Georgia and the South Sandwich Islands
328,41,Male,Paraguay
329,55,Male,Lesotho
330,56,Male,Heard Island and McDonald Islands
331,27,Female,United Kingdom
332,44,Female,Saudi Arabia
333,24,Female,Lebanon
334,18,Female,Guinea
335,18,Male,Brazil
336,19,Male,Rwanda
337,18,Female,Gambia
338,58,Female,Western Sahara
339,43,Female,Burkina Faso
340,51,Male,Cayman Islands
341,26,Female,Anguilla
342,58,Female,Israel
343,59,Male,Armenia
344,31,Male,Cook Islands
345,37,Female,Mauritania
346,20,Male,Turks and Caicos Islands
347,59,Male,South Georgia and the South Sandwich Islands
348,24,Female,Guam
349,27,Male,Tuvalu
350,56,Female,Georgia
351,58,Male,North Macedonia
352,38,Female,Tanzania
353,28,Female,Dominica
354,48,Female,Korea
355,47,Male,Burkina Faso
356,36,Female,Oman
357,37,Male,Holy See (Vatican City State)
358,26,Male,Belgium
359,56,Male,Benin
360,22,Male,Solomon Islands
361,20,Male,Ethiopia
362,18,Female,Niue
363,18,Female,Cape Verde
364,37,Female,Rwanda
365,27,Male,Gambia
366,35,Female,Panama
367,22,Male,Malaysia
368,55,Female,Isle of Man
369,53,Female,Bahrain
370,55,Male,Japan
371,40,Male,Iceland
372,27,Male,Falkland Islands (Malvinas)
373,37,Female,Brunei Darussalam
374,46,Male,India
375,29,Male,Guinea
376,59,Female,Hungary
377,36,Female,Ecuador
378,48,Female,Jersey
379,28,Female,Fiji
380,24,Male,Georgia
381,59,Female,Nigeria
382,24,Male,Costa Rica
383,31,Male,Netherlands Antilles
384,31,Male,Turkmenistan
385,47,Female,Tuvalu
386,59,Female,Albania
387,18,Female,Belize
388,22,Female,Cuba
389,56,Female,Cyprus
390,51,Female,Japan
391,24,Female,Mozambique
392,29,Female,Singapore
393,38,Female,Czech Republic
394,42,Male,Saint Lucia
395,26,Male,New Caledonia
396,45,Female,Congo
397,45,Female,Algeria
398,48,Male,French Southern Territories
399,32,Female,Saint Kitts and Nevis
400,46,Male,Colombia
401,20,Female,Mauritius
402,18,Male,Venezuela
403,24,Female,Poland
404,18,Male,Norway
405,54,Male,Bulgaria
406,52,Female,Congo
407,52,Female,Wallis and Futuna
408,50,Male,Saint Helena
409,34,Male,Malta
410,46,Male,Micronesia
411,32,Female,Tuvalu
412,28,Female,Nigeria
413,34,Male,French Southern Territories
414,49,Female,South Africa
415,21,Male,Lebanon
416,53,Male,Indonesia
417,23,Male,Christmas Island
418,47,Female,Comoros
419,41,Female,Pitcairn Islands
420,47,Female,Nauru
421,20,Male,China
422,47,Female,Moldova
423,42,Female,Portugal
424,50,Male,Monaco
425,31,Female,Azerbaijan
426,48,Female,Kuwait
427,31,Male,Russian Federation
428,47,Female,Ethiopia
429,41,Male,Czech Republic
430,42,Female,Slovakia (Slovak Republic)
431,59,Male,Lao People's Democratic Republic
432,39,Female,Guinea-Bissau
433,34,Female,Ecuador
434,48,Female,Svalbard & Jan Mayen Islands
435,39,Male,Bolivia
436,49,Male,Portugal
437,60,Male,Guadeloupe
438,20,Female,Lesotho
439,43,Female,Rwanda
440,38,Female,Mauritania
441,44,Female,Morocco
442,35,Male,Trinidad and Tobago
443,51,Female,Comoros
444,41,Male,Svalbard & Jan Mayen Islands
445,27,Male,Tunisia
446,32,Female,Dominican Republic
447,31,Female,Tunisia
448,46,Female,Eritrea
449,23,Female,Somalia
450,59,Male,Sudan
451,49,Male,Serbia
452,44,Male,Turks and Caicos Islands
453,55,Male,Bulgaria
454,36,Female,Cayman Islands
455,49,Female,French Southern Territories
456,49,Female,Croatia
457,55,Female,Japan
458,50,Female,Chile
459,52,Female,Uruguay
460,58,Female,Antigua and Barbuda
461,40,Male,Belgium
462,37,Male,China
463,35,Female,Jamaica
464,54,Male,Bangladesh
465,31,Female,Brazil
466,22,Female,Costa Rica
467,44,Female,United Arab Emirates
468,28,Male,Togo
469,28,Female,Thailand
470,45,Male,Zimbabwe
471,35,Female,Zimbabwe
472,52,Male,Uganda
473,24,Male,Turkey
474,19,Male,Mali
475,55,Male,Palau
476,36,Male,Iran
477,48,Male,Egypt
478,35,Female,Cook Islands
479,38,Female,Comoros
480,51,Male,Suriname
481,32,Male,American Samoa
482,58,Female,Burundi
483,22,Female,Togo
484,31,Female,Croatia
485,50,Male,Montenegro
486,33,Female,Malta
487,50,Female,Romania
488,57,Male,Saint Pierre and Miquelon
489,46,Male,Lebanon
490,28,Male,Burkina Faso
491,35,Male,Hong Kong
492,38,Male,Ecuador
493,38,Male,Central African Republic
494,21,Female,Pitcairn Islands
495,35,Female,Togo
496,50,Female,Isle of Man
497,50,Male,French Polynesia
498,27,Male,Montenegro
499,27,Female,Madagascar
500,38,Female,Slovakia (Slovak Republic)
501,28,Male,Sudan
502,23,Female,Korea
503,23,Male,Qatar
504,31,Female,Seychelles
505,30,Male,Somalia
506,23,Female,Brazil
507,59,Female,Saint Vincent and the Grenadines
508,33,Male,Faroe Islands
509,19,Male,Egypt
510,44,Female,Eritrea
511,24,Male,Jersey
512,29,Female,Korea
513,24,Male,Uganda
514,41,Male,Turkmenistan
515,49,Male,Rwanda
516,39,Male,Netherlands
517,28,Male,Pakistan
518,38,Female,Madagascar
519,20,Female,Aruba
520,49,Male,Liechtenstein
521,33,Male,Martinique
522,32,Male,Grenada
523,27,Male,Guatemala
524,42,Male,Finland
525,46,Female,Kenya
526,59,Male,Guam
527,58,Male,Azerbaijan
528,46,Female,Haiti
529,43,Male,Finland
530,48,Male,Sao Tome and Principe
531,33,Male,Algeria
532,55,Male,Dominica
533,58,Male,Anguilla
534,29,Female,Brunei Darussalam
535,40,Female,Morocco
536,36,Female,Rwanda
537,39,Male,Puerto Rico
538,49,Female,Guinea-Bissau
539,41,Female,Saudi Arabia
540,33,Male,Eritrea
541,56,Male,Australia
542,60,Female,Ghana
543,36,Male,Mayotte
544,58,Female,Montserrat
545,56,Male,Ukraine
546,21,Male,Tajikistan
547,37,Male,Lithuania
548,36,Male,Belize
549,18,Male,Macao
550,53,Female,Japan
551,53,Female,Falkland Islands (Malvinas)
552,38,Male,Saint Barthelemy
553,48,Female,Tajikistan
554,58,Male,Malaysia
555,46,Male,Sierra Leone
556,57,Female,Uganda
557,21,Male,Netherlands Antilles
558,25,Female,Sao Tome and Principe
559,57,Male,Singapore
560,59,Female,Bangladesh
561,55,Male,Liechtenstein
562,39,Female,Iraq
563,24,Female,French Guiana
564,29,Female,Malaysia
565,47,Male,Marshall Islands
566,19,Female,South Georgia and the South Sandwich Islands
567,60,Female,Sweden
568,48,Female,Serbia
569,20,Female,Denmark
570,29,Female,Korea
571,43,Male,Cape Verde
572,20,Male,Czech Republic
573,45,Male,Bhutan
574,24,Female,Albania
575,49,Female,Portugal
576,31,Female,Nigeria
577,44,Male,Colombia
578,58,Female,South Africa
579,60,Female,Cape Verde
580,29,Male,Norfolk Island
581,33,Female,France
582,40,Female,Falkland Islands (Malvinas)
583,42,Male,Lao People's Democratic Republic
584,33,Female,Romania
585,56,Female,Nauru
586,20,Female,Poland
587,44,Female,Pitcairn Islands
588,33,Female,Belgium
589,40,Male,Slovakia (Slovak Republic)
590,40,Male,Guinea
591,21,Male,Swaziland
592,51,Female,Kuwait
593,27,Male,Oman
594,32,Male,New Caledonia
595,35,Male,North Macedonia
596,22,Female,Hong Kong
597,24,Female,Bermuda
598,49,Male,Korea
599,55,Male,Syrian Arab Republic
600,28,Female,Saint Lucia
601,27,Female,Saint Vincent and the Grenadines
602,35,Male,Marshall Islands
603,42,Female,Luxembourg
604,50,Male,Peru
605,56,Male,British Indian Ocean Territory (Chagos Archipelago)
606,53,Male,New Caledonia
607,38,Male,Liberia
608,22,Male,Botswana
609,43,Male,Lao People's Democratic Republic
610,45,Male,French Polynesia
611,22,Female,Poland
612,50,Female,South Africa
613,19,Female,Vietnam
614,23,Female,British Indian Ocean Territory (Chagos Archipelago)
615,40,Male,French Guiana
616,49,Female,Comoros
617,59,Female,Mauritania
618,23,Female,Lao People's Democratic Republic
619,29,Female,Germany
620,19,Male,Saint Barthelemy
621,42,Male,Malaysia
622,55,Male,United States of America
623,39,Female,Zimbabwe
624,19,Male,Angola
625,23,Female,South Georgia and the South Sandwich Islands
626,40,Male,North Macedonia
627,21,Male,Bosnia and Herzegovina
628,22,Female,French Southern Territories
629,23,Female,Luxembourg
630,35,Male,Burundi
631,28,Female,Nigeria
632,34,Female,Kuwait
633,20,Female,Cook Islands
634,32,Male,Zimbabwe
635,53,Female,Lebanon
636,55,Female,Latvia
637,30,Female,Monaco
638,48,Female,Suriname
639,22,Female,Saint Helena
640,18,Female,Cameroon
641,24,Female,Saint Lucia
642,51,Female,Equatorial Guinea
643,59,Female,Myanmar
644,49,Male,Uruguay
645,23,Female,Palau
646,41,Male,Jordan
647,53,Male,Haiti
648,35,Male,Iran
649,25,Male,Cyprus
650,26,Male,Christmas Island
651,59,Male,Cocos (Keeling) Islands
652,23,Male,Indonesia
653,31,Female,French Southern Territories
654,35,Male,Zimbabwe
655,27,Male,Albania
656,53,Female,Taiwan
657,41,Female,Nicaragua
658,31,Female,Botswana
659,35,Female,Slovakia (Slovak Republic)
660,25,Female,Honduras
661,25,Female,Chad
662,18,Male,El Salvador
663,39,Female,Solomon Islands
664,55,Male,Portugal
665,45,Male,Switzerland
666,38,Male,French Polynesia
667,26,Female,Serbia
668,36,Male,Cocos (Keeling) Islands
669,32,Female,Germany
670,45,Male,Israel
671,52,Female,Lebanon
672,59,Female,Georgia
673,23,Male,Iceland
674,59,Female,United States of America
675,42,Male,Mayotte
676,36,Male,Greenland
677,49,Male,Saint Kitts and Nevis
678,37,Male,Austria
679,22,Male,Egypt
680,21,Female,South Africa
681,23,Female,Liechtenstein
682,32,Female,Guinea-Bissau
683,51,Male,Cuba
684,44,Female,Croatia
685,40,Female,Taiwan
686,55,Female,Guinea-Bissau
687,38,Female,Holy See (Vatican City State)
688,21,Male,South Georgia and the South Sandwich Islands
689,55,Male,Oman
690,44,Male,Niger
691,19,Male,United States of America
692,44,Female,Solomon Islands
693,21,Male,Mauritius
694,49,Male,Reunion
695,35,Male,Thailand
696,30,Female,Niger
697,24,Female,Yemen
698,47,Female,Niue
699,36,Male,Colombia
700,56,Male,Cocos (Keeling) Islands
701,42,Male,Cayman Islands
702,57,Male,Argentina
703,53,Male,Dominican Republic
704,26,Male,Botswana
705,57,Male,Lebanon
706,60,Female,Benin
707,44,Female,Svalbard & Jan Mayen Islands
708,31,Male,Algeria
709,39,Female,Tonga
710,46,Male,Slovenia
711,42,Male,Kuwait
712,44,Male,Nicaragua
713,34,Female,Rwanda
714,37,Female,Grenada
715,31,Female,Equatorial Guinea
716,45,Female,Bahrain
717,41,Female,Syrian Arab Republic
718,19,Male,Dominica
719,60,Female,Rwanda
720,52,Male,Bulgaria
721,52,Male,American Samoa
722,33,Female,Norfolk Island
723,28,Male,Heard Island and McDonald Islands
724,47,Female,Mali
725,43,Female,Uganda
726,45,Male,Jersey
727,26,Male,Mexico
728,31,Male,Qatar
729,29,Female,Mongolia
730,36,Female,Greece
731,59,Female,Pitcairn Islands
732,45,Female,Switzerland
733,59,Male,South Georgia and the South Sandwich Islands
734,59,Female,San Marino
735,42,Male,United Arab Emirates
736,44,Male,United States of America
737,45,Female,Zimbabwe
738,47,Male,Korea
739,37,Female,New Zealand
740,50,Male,Turks and Caicos Islands
741,28,Male,Tokelau
742,54,Female,Israel
743,41,Male,Palau
744,23,Female,New Caledonia
745,51,Female,Kazakhstan
746,45,Female,United States Virgin Islands
747,29,Female,Lesotho
748,41,Female,Cook Islands
749,41,Female,Benin
750,20,Female,Benin
751,20,Male,Uruguay
752,55,Male,Antarctica (the territory South of 60 deg S)
753,48,Male,Canada
754,22,Male,Bhutan
755,54,Male,Sudan
756,47,Male,Suriname
757,27,Female,Yemen
758,27,Male,Cayman Islands
759,58,Male,Montenegro
760,59,Male,Mayotte
761,47,Male,Haiti
762,29,Female,Seychelles
763,24,Male,Cameroon
764,41,Male,Mauritania
765,48,Male,Puerto Rico
766,29,Female,Aruba
767,38,Male,Guyana
768,34,Male,Latvia
769,36,Male,Malaysia
770,49,Male,Saint Vincent and the Grenadines
771,45,Male,Grenada
772,31,Male,Montenegro
773,20,Male,Macao
774,18,Female,Chile
775,22,Male,Honduras
776,55,Male,Costa Rica
777,22,Female,Mozambique
778,33,Male,Fiji
779,44,Female,French Polynesia
780,23,Female,Saint Lucia
781,38,Female,Nauru
782,27,Male,Hungary
783,39,Male,Pitcairn Islands
784,26,Female,Northern Mariana Islands
785,24,Male,Iran
786,45,Female,Sao Tome and Principe
787,60,Male,Estonia
788,60,Female,Guinea-Bissau
789,55,Male,Switzerland
790,51,Male,Barbados
791,57,Male,Argentina
792,54,Female,United States Minor Outlying Islands
793,59,Female,Chile
794,56,Male,Palestinian Territory
795,32,Female,Hungary
796,27,Male,Northern Mariana Islands
797,37,Female,New Caledonia
798,54,Male,Faroe Islands
799,55,Male,Saint Kitts and Nevis
800,51,Male,Madagascar
801,31,Male,Thailand
802,53,Male,Croatia
803,46,Female,Belize
804,30,Female,Taiwan
805,51,Male,Timor-Leste
806,60,Male,Zimbabwe
807,33,Female,Ecuador
808,37,Male,Timor-Leste
809,45,Female,Serbia
810,21,Male,Slovakia (Slovak Republic)
811,32,Male,United States of America
812,34,Male,Liechtenstein
813,42,Female,Eritrea
814,27,Female,Bolivia
815,24,Female,Sao Tome and Principe
816,43,Female,Seychelles
817,54,Male,Iraq
818,18,Male,Ecuador
819,30,Female,Central African Republic
820,46,Male,Guadeloupe
821,57,Female,Bouvet Island (Bouvetoya)
822,54,Female,Maldives
823,20,Male,Hungary
824,54,Female,Tonga
825,24,Male,Bahamas
826,18,Male,Singapore
827,29,Female,Gambia
828,53,Male,Chad
829,20,Male,Nigeria
830,19,Male,Ukraine
831,32,Female,Armenia
832,57,Male,Spain
833,22,Male,Iceland
834,34,Female,Belize
835,56,Male,Cote d'Ivoire
836,31,Female,Maldives
837,33,Male,Mali
838,51,Male,Montserrat
839,44,Female,Dominica
840,34,Male,Congo
841,29,Male,Argentina
842,55,Male,Poland
843,55,Female,Palau
844,29,Female,Guadeloupe
845,50,Female,Tonga
846,52,Female,Norway
847,24,Female,Namibia
848,53,Female,Bolivia
849,39,Male,Afghanistan
850,56,Female,Guernsey
851,19,Female,Czech Republic
852,28,Female,Reunion
853,43,Male,American Samoa
854,60,Male,Brunei Darussalam
855,20,Male,Western Sahara
856,57,Female,South Africa
857,48,Female,Turks and Caicos Islands
858,38,Female,Honduras
859,24,Male,Kazakhstan
860,33,Female,Singapore
861,23,Male,Faroe Islands
862,28,Male,Bulgaria
863,39,Male,Hong Kong
864,56,Male,Antigua and Barbuda
865,48,Female,Qatar
866,25,Male,Netherlands
867,23,Female,Turkey
868,24,Female,Ireland
869,39,Female,Ukraine
870,28,Male,Romania
871,25,Male,Bhutan
872,23,Female,Djibouti
873,58,Male,Luxembourg
874,32,Male,Indonesia
875,58,Female,Bhutan
876,56,Male,Kyrgyz Republic
877,19,Female,Malta
878,39,Male,Iceland
879,41,Male,Mozambique
880,38,Female,Ecuador
881,30,Male,Bahrain
882,29,Female,Greenland
883,42,Male,Albania
884,49,Female,Australia
885,32,Female,Kuwait
886,39,Female,Gambia
887,34,Male,Guatemala
888,42,Male,Papua New Guinea
889,41,Male,Comoros
890,19,Female,Czech Republic
891,51,Male,Malawi
892,51,Male,Faroe Islands
893,57,Female,Antarctica (the territory South of 60 deg S)
894,60,Male,Guyana
895,43,Male,Faroe Islands
896,43,Male,Dominican Republic
897,32,Male,Cayman Islands
898,24,Female,Korea
899,33,Male,Turkmenistan
900,55,Male,China
901,39,Male,Mali
902,21,Male,Costa Rica
903,23,Male,Jersey
904,49,Female,Finland
905,55,Female,Jamaica
906,21,Male,Liberia
907,44,Male,Czech Republic
908,24,Female,Saint Helena
909,22,Male,Bahrain
910,25,Female,Croatia
911,25,Male,Montserrat
912,50,Male,Central African Republic
913,56,Female,New Caledonia
914,19,Male,North Macedonia
915,45,Female,Wallis and Futuna
916,51,Male,Venezuela
917,39,Male,Guyana
918,38,Male,Armenia
919,35,Male,Saint Kitts and Nevis
920,41,Male,Congo
921,59,Male,Nicaragua
922,37,Female,Guadeloupe
923,58,Male,Netherlands
924,58,Male,Sri Lanka
925,36,Female,Hong Kong
926,23,Female,Egypt
927,36,Female,Burkina Faso
928,41,Male,Bahrain
929,52,Female,Congo
930,59,Male,Albania
931,43,Male,Uruguay
932,28,Male,Netherlands
933,21,Female,Nepal
934,41,Male,Israel
935,30,Female,Italy
936,59,Male,Guernsey
937,40,Female,Turkmenistan
938,55,Female,Tanzania
939,51,Male,Northern Mariana Islands
940,28,Male,Mali
941,32,Female,Cook Islands
942,19,Male,Nigeria
943,46,Female,Kyrgyz Republic
944,45,Male,Finland
945,48,Male,Bahamas
946,23,Female,Turkey
947,44,Male,Burundi
948,43,Female,Australia
949,20,Male,Comoros
950,38,Male,Qatar
951,52,Female,Spain
952,34,Female,Christmas Island
953,30,Female,Israel
954,42,Female,Guernsey
955,19,Female,Saint Martin
956,58,Female,Aruba
957,26,Female,Sao Tome and Principe
958,51,Male,Oman
959,34,Male,Guyana
960,27,Male,Cameroon
961,21,Female,Bulgaria
962,50,Male,Lao People's Democratic Republic
963,36,Male,Panama
964,50,Female,United States of America
965,27,Female,Christmas Island
966,45,Male,Uruguay
967,43,Female,Central African Republic
968,41,Male,Thailand
969,18,Male,Suriname
970,59,Female,Norway
971,34,Female,Lebanon
972,53,Male,Slovenia
973,59,Male,Montenegro
974,32,Male,Albania
975,28,Male,Cape Verde
976,54,Male,Palestinian Territory
977,43,Male,Malawi
978,23,Female,Bolivia
979,58,Male,Saint Helena
980,51,Female,Nicaragua
981,49,Female,Finland
982,46,Male,Norfolk Island
983,49,Female,Luxembourg
984,20,Female,Kenya
985,57,Female,Hong Kong
986,45,Male,Wallis and Futuna
987,21,Male,Spain
988,41,Female,Liberia
989,59,Male,Nauru
990,55,Male,Cayman Islands
991,44,Male,Georgia
992,25,Male,Saint Martin
993,28,Female,Rwanda
994,27,Male,Kiribati
995,19,Male,Mauritius
996,39,Female,Nepal
997,23,Male,Gibraltar
998,39,Male,Marshall Islands
999,53,Female,Greenland
1000,36,Female,Senegal
